Setup title,IdVg_Vd_par
Classic test name,"I/V Sweep"
Test date,6/3/2025
Test time,15:01:42
Device ID,R[6]_D[6]_L[100]
Count,1
Flags,!
Remarks,
Context.MainFrame,B1500A
Channel.UnitType,SMU,SMU,SMU
Channel.Unit,SMU3:HR,SMU2:HR,SMU1:HR
Channel.IName,Id,Ig,Is
Channel.VName,Vd,Vg,Vs
Channel.Mode,V,V,V
Channel.Func,VAR2,VAR1,CONST
Channel.Index,
Channel.Time,
Measurement.Port.Unit,SMU3:HR,SMU2:HR,SMU1:HR
Measurement.Port.SeriesResistor,NONE,NONE,NONE
Measurement.Port.Filter,ON,ON,ON
Measurement.Port.OutputVoltageComparison,0,0,0
Measurement.Primary.Locus,Double
Measurement.Primary.Scale,LINEAR
Measurement.Primary.Start,-1
Measurement.Primary.Stop,2
Measurement.Primary.Step,0.025
Measurement.Primary.Compliance,0.1
Measurement.Primary.PowerCompliance,0
Measurement.Aborting.Condition,"STOP AT ANY ABNORMAL"
Measurement.PostOutput.Value,START
Measurement.PostOutput.Retention,OFF
Measurement.Secondary.Start,0.05
Measurement.Secondary.Count,2
Measurement.Secondary.Step,0.95
Measurement.Secondary.Compliance,0.1
Measurement.Secondary.PowerCompliance,0
Measurement.Bias.Source,0.05,-1,0
Measurement.Bias.Compliance,0.1,0.1,0.1
Measurement.Monitor.Unit,SMU3:HR,SMU2:HR,SMU1:HR
Measurement.Monitor.Adc,"HR ADC","HR ADC","HR ADC"
Measurement.Monitor.Measurement,"Compliance Side","Compliance Side","Compliance Side"
Measurement.Monitor.RangingMode,LIMITED,LIMITED,LIMITED
Measurement.Monitor.RangeBoundary,1nA,1nA,1nA
Measurement.Monitor.RangeRating,"BY FULL RANGE","BY FULL RANGE","BY FULL RANGE"
Measurement.Monitor.RangeRatingCoeff,50,50,50
Measurement.Timing.Hold,0
Measurement.Timing.Delay,0
Measurement.Adc.HighSpeed.Mode,AUTO
Measurement.Adc.HighSpeed.Coeff,1
Measurement.Adc.HighResolution.AutoZero,OFF
Measurement.Adc.HighResolution.Mode,AUTO
Measurement.Adc.HighResolution.Coeff,6
Measurement.WaitTime.Source.Coeff,1
Measurement.WaitTime.Source.Offset,0
Measurement.WaitTime.Monitor.Coeff,1
Measurement.WaitTime.Monitor.Offset,0
Function.User.Name,absId,absIg,absIs,gm
Function.User.Unit,A,A,A,S
Function.User.Definition,abs(Id),abs(Ig),abs(Is),diff(abs(Id))/diff(Vg)
Output.Graph.Enabled,true
Output.Graph.AutoScaling,false
Output.Graph.XAxis.Data,Vg
Output.Graph.XAxis.Scale,Linear
Output.Graph.XAxis.Left,-1
Output.Graph.XAxis.Right,2
Output.Graph.XAxis.RunTimeAutoScale,false
Output.Graph.YAxis.Data,absId,gm,absIg,absIs
Output.Graph.YAxis.Scale,Log,Linear,Log,Log
Output.Graph.YAxis.Bottom,1E-15,0,1E-15,1E-15
Output.Graph.YAxis.Top,0.001,1,0.001,0.001
Output.Graph.YAxis.Group,,,,
Output.Graph.YAxis.RunTimeAutoScale,false,true,false,false
Output.List.Data,Vg,Vd,Id,Is,Ig,absId,absIs,absIg,gm
AutoAnalysis.Interpolation,false
AutoAnalysis.Var2StepCount,1
AutoAnalysis.Var2StepScript,
AutoAnalysis.Line1.Enabled,false
AutoAnalysis.Line1.Type,1
AutoAnalysis.Line1.Fix,True
AutoAnalysis.Line1.YAxis,0
AutoAnalysis.Line1.Point1.Type,0
AutoAnalysis.Line1.Point1.XY.X,
AutoAnalysis.Line1.Point1.XY.Y,
AutoAnalysis.Line1.Point1.Data.Var,
AutoAnalysis.Line1.Point1.Data.Condition,
AutoAnalysis.Line1.Point1.Data.Start,false
AutoAnalysis.Line1.Point1.Data.StartVar,
AutoAnalysis.Line1.Point1.Data.StartCondition,
AutoAnalysis.Line1.Point2.Type,0
AutoAnalysis.Line1.Point2.XY.X,
AutoAnalysis.Line1.Point2.XY.Y,
AutoAnalysis.Line1.Point2.Data.Var,
AutoAnalysis.Line1.Point2.Data.Condition,
AutoAnalysis.Line1.Point2.Data.Start,false
AutoAnalysis.Line1.Point2.Data.StartVar,
AutoAnalysis.Line1.Point2.Data.StartCondition,
AutoAnalysis.Line1.GradientExpr,0
AutoAnalysis.Line2.Enabled,false
AutoAnalysis.Line2.Type,1
AutoAnalysis.Line2.Fix,True
AutoAnalysis.Line2.YAxis,0
AutoAnalysis.Line2.Point1.Type,0
AutoAnalysis.Line2.Point1.XY.X,
AutoAnalysis.Line2.Point1.XY.Y,
AutoAnalysis.Line2.Point1.Data.Var,
AutoAnalysis.Line2.Point1.Data.Condition,
AutoAnalysis.Line2.Point1.Data.Start,false
AutoAnalysis.Line2.Point1.Data.StartVar,
AutoAnalysis.Line2.Point1.Data.StartCondition,
AutoAnalysis.Line2.Point2.Type,0
AutoAnalysis.Line2.Point2.XY.X,
AutoAnalysis.Line2.Point2.XY.Y,
AutoAnalysis.Line2.Point2.Data.Var,
AutoAnalysis.Line2.Point2.Data.Condition,
AutoAnalysis.Line2.Point2.Data.Start,false
AutoAnalysis.Line2.Point2.Data.StartVar,
AutoAnalysis.Line2.Point2.Data.StartCondition,
AutoAnalysis.Line2.GradientExpr,0
AutoAnalysis.Marker.Enabled,false
AutoAnalysis.Marker.Data.Var,
AutoAnalysis.Marker.Data.Condition,
AutoAnalysis.Marker.Data.Start,false
AutoAnalysis.Marker.Data.StartVar,
AutoAnalysis.Marker.Data.StartCondition,
Vg,absId,gm,absIg,absIs,Vd,Id,Is,Ig
-1,1.77E-13,,2.225E-12,2.036E-12,0.05,1.77E-13,-2.036E-12,2.225E-12
-0.975,4.7E-14,-5.20000000000002E-12,1.975E-12,1.586E-12,0.05,4.7E-14,-1.586E-12,1.975E-12
-0.95,2.17E-13,6.79999999999999E-12,2.395E-12,1.356E-12,0.05,2.17E-13,-1.356E-12,2.395E-12
-0.925,2.67E-13,2E-12,2.035E-12,1.176E-12,0.05,2.67E-13,-1.176E-12,2.035E-12
-0.9,2.13E-13,-2.16E-12,2.255E-12,1.506E-12,0.05,-2.13E-13,-1.506E-12,2.255E-12
-0.875,2.93E-13,3.2E-12,1.775E-12,1.486E-12,0.05,-2.93E-13,-1.486E-12,1.775E-12
-0.85,2.3E-14,-1.08E-11,2.275E-12,1.656E-12,0.05,-2.3E-14,-1.656E-12,2.275E-12
-0.825,1.77E-13,6.15999999999999E-12,2.045E-12,1.056E-12,0.05,1.77E-13,-1.056E-12,2.045E-12
-0.8,4.27E-13,9.99999999999999E-12,1.995E-12,1.476E-12,0.05,4.27E-13,-1.476E-12,1.995E-12
-0.775,1.13E-13,-1.256E-11,2.115E-12,1.446E-12,0.05,-1.13E-13,-1.446E-12,2.115E-12
-0.75,3.33E-13,8.79999999999999E-12,1.845E-12,1.606E-12,0.05,-3.33E-13,-1.606E-12,1.845E-12
-0.725,2.53E-13,-3.20000000000001E-12,2.025E-12,1.426E-12,0.05,-2.53E-13,-1.426E-12,2.025E-12
-0.7,5.7E-14,-7.83999999999999E-12,2.075E-12,1.586E-12,0.05,5.7E-14,-1.586E-12,2.075E-12
-0.675,1.47E-13,3.6E-12,2.115E-12,1.486E-12,0.05,1.47E-13,-1.486E-12,2.115E-12
-0.65,2.27E-13,3.2E-12,2.045E-12,1.566E-12,0.05,2.27E-13,-1.566E-12,2.045E-12
-0.625,3E-15,-8.95999999999999E-12,1.555E-12,1.346E-12,0.05,-3E-15,-1.346E-12,1.555E-12
-0.6,1.67E-13,6.55999999999999E-12,2.055E-12,1.496E-12,0.05,1.67E-13,-1.496E-12,2.055E-12
-0.575,3.83E-13,8.64000000000003E-12,2.215E-12,1.596E-12,0.05,-3.83E-13,-1.596E-12,2.215E-12
-0.55,2.63E-13,-4.8E-12,2.075E-12,1.636E-12,0.05,-2.63E-13,-1.636E-12,2.075E-12
-0.525,1.27E-13,-5.44E-12,1.995E-12,1.926E-12,0.05,1.27E-13,-1.926E-12,1.995E-12
-0.5,2.17E-13,3.6E-12,1.845E-12,1.266E-12,0.05,2.17E-13,-1.266E-12,1.845E-12
-0.475,7.7E-14,-5.60000000000001E-12,2.345E-12,1.426E-12,0.05,7.7E-14,-1.426E-12,2.345E-12
-0.45,1.23E-13,1.84E-12,2.215E-12,1.886E-12,0.05,-1.23E-13,-1.886E-12,2.215E-12
-0.425,1.27E-13,1.60000000000001E-13,1.965E-12,1.496E-12,0.05,1.27E-13,-1.496E-12,1.965E-12
-0.4,7.3E-14,-2.16E-12,2.125E-12,1.496E-12,0.05,-7.3E-14,-1.496E-12,2.125E-12
-0.375,1.77E-13,4.16E-12,1.795E-12,1.536E-12,0.05,1.77E-13,-1.536E-12,1.795E-12
-0.35,3.57E-13,7.20000000000001E-12,2.015E-12,1.636E-12,0.05,3.57E-13,-1.636E-12,2.015E-12
-0.325,4.67E-13,4.4E-12,1.905E-12,1.226E-12,0.05,4.67E-13,-1.226E-12,1.905E-12
-0.3,1.27E-13,-1.36E-11,1.955E-12,1.416E-12,0.05,1.27E-13,-1.416E-12,1.955E-12
-0.275,2.23E-13,3.84E-12,1.845E-12,1.686E-12,0.05,-2.23E-13,-1.686E-12,1.845E-12
-0.25,1.33E-13,-3.6E-12,1.755E-12,1.706E-12,0.05,-1.33E-13,-1.706E-12,1.755E-12
-0.225,1.77E-13,1.76E-12,1.985E-12,1.346E-12,0.05,1.77E-13,-1.346E-12,1.985E-12
-0.2,4.67E-13,1.16E-11,1.915E-12,1.826E-12,0.05,4.67E-13,-1.826E-12,1.915E-12
-0.175,1.227E-12,3.04E-11,2.005E-12,2.406E-12,0.05,1.227E-12,-2.406E-12,2.005E-12
-0.15,2.077E-12,3.4E-11,2.045E-12,3.806E-12,0.05,2.077E-12,-3.806E-12,2.045E-12
-0.125,5.107E-12,1.212E-10,1.695E-12,6.526E-12,0.05,5.107E-12,-6.526E-12,1.695E-12
-0.1,1.3167E-11,3.224E-10,2.095E-12,1.4186E-11,0.05,1.3167E-11,-1.4186E-11,2.095E-12
-0.075,3.0097E-11,6.772E-10,2.105E-12,3.2016E-11,0.05,3.0097E-11,-3.2016E-11,2.105E-12
-0.05,7.4437E-11,1.7736E-09,1.985E-12,7.4736E-11,0.05,7.4437E-11,-7.4736E-11,1.985E-12
-0.025,1.79417E-10,4.1992E-09,2.355E-12,1.82236E-10,0.05,1.79417E-10,-1.82236E-10,2.355E-12
0,4.20167E-10,9.63E-09,2.005E-12,4.22706E-10,0.05,4.20167E-10,-4.22706E-10,2.005E-12
0.025,9.36947E-10,2.06712E-08,1.805E-12,9.12316E-10,0.05,9.36947E-10,-9.12316E-10,1.805E-12
0.05,2.03857E-09,4.406492E-08,1.945E-12,2.03794E-09,0.05,2.03857E-09,-2.03794E-09,1.945E-12
0.075,4.21277E-09,8.6968E-08,1.905E-12,4.19734E-09,0.05,4.21277E-09,-4.19734E-09,1.905E-12
0.1,8.08847E-09,1.55028E-07,2.225E-12,8.05384E-09,0.05,8.08847E-09,-8.05384E-09,2.225E-12
0.125,1.4381E-08,2.517012E-07,1.925E-12,1.41448E-08,0.05,1.4381E-08,-1.41448E-08,1.925E-12
0.15,2.41612E-08,3.91208E-07,2.125E-12,2.41756E-08,0.05,2.41612E-08,-2.41756E-08,2.125E-12
0.175,3.83496E-08,5.67535999999999E-07,1.915E-12,3.83244E-08,0.05,3.83496E-08,-3.83244E-08,1.915E-12
0.2,5.85278E-08,8.07128E-07,2.165E-12,5.84268E-08,0.05,5.85278E-08,-5.84268E-08,2.165E-12
0.225,8.45178E-08,1.0396E-06,2.075E-12,8.47932E-08,0.05,8.45178E-08,-8.47932E-08,2.075E-12
0.25,1.1816E-07,1.345688E-06,1.595E-12,1.196E-07,0.05,1.1816E-07,-1.196E-07,1.595E-12
0.275,1.5514E-07,1.4792E-06,1.725E-12,1.5538E-07,0.05,1.5514E-07,-1.5538E-07,1.725E-12
0.3,2.0618E-07,2.0416E-06,2.215E-12,2.0392E-07,0.05,2.0618E-07,-2.0392E-07,2.215E-12
0.325,2.623E-07,2.2448E-06,1.975E-12,2.6254E-07,0.05,2.623E-07,-2.6254E-07,1.975E-12
0.35,3.282E-07,2.636E-06,2.065E-12,3.2958E-07,0.05,3.282E-07,-3.2958E-07,2.065E-12
0.375,4.0352E-07,3.0128E-06,2.045E-12,4.042E-07,0.05,4.0352E-07,-4.042E-07,2.045E-12
0.4,4.8696E-07,3.3376E-06,2.005E-12,4.8454E-07,0.05,4.8696E-07,-4.8454E-07,2.005E-12
0.425,5.7594E-07,3.5592E-06,1.855E-12,5.7422E-07,0.05,5.7594E-07,-5.7422E-07,1.855E-12
0.45,6.7702E-07,4.0432E-06,1.895E-12,6.6986E-07,0.05,6.7702E-07,-6.6986E-07,1.895E-12
0.475,7.8922E-07,4.488E-06,1.575E-12,7.863E-07,0.05,7.8922E-07,-7.863E-07,1.575E-12
0.5,9.0652E-07,4.692E-06,2.035E-12,9.033E-07,0.05,9.0652E-07,-9.033E-07,2.035E-12
0.525,1.0313E-06,4.9912E-06,2.105E-12,1.03266E-06,0.05,1.0313E-06,-1.03266E-06,2.105E-12
0.55,1.1608E-06,5.18E-06,1.985E-12,1.1628E-06,0.05,1.1608E-06,-1.1628E-06,1.985E-12
0.575,1.3036E-06,5.71199999999999E-06,1.745E-12,1.3015E-06,0.05,1.3036E-06,-1.3015E-06,1.745E-12
0.6,1.447E-06,5.73600000000002E-06,1.955E-12,1.4384E-06,0.05,1.447E-06,-1.4384E-06,1.955E-12
0.625,1.6184E-06,6.856E-06,1.995E-12,1.6165E-06,0.05,1.6184E-06,-1.6165E-06,1.995E-12
0.65,1.7818E-06,6.53599999999999E-06,2.185E-12,1.7897E-06,0.05,1.7818E-06,-1.7897E-06,2.185E-12
0.675,1.9767E-06,7.79599999999999E-06,2.355E-12,1.9768E-06,0.05,1.9767E-06,-1.9768E-06,2.355E-12
0.7,2.1637E-06,7.48E-06,2.355E-12,2.1597E-06,0.05,2.1637E-06,-2.1597E-06,2.355E-12
0.725,2.3593E-06,7.82400000000001E-06,1.905E-12,2.3628E-06,0.05,2.3593E-06,-2.3628E-06,1.905E-12
0.75,2.5701E-06,8.43200000000002E-06,1.685E-12,2.5668E-06,0.05,2.5701E-06,-2.5668E-06,1.685E-12
0.775,2.778E-06,8.316E-06,1.965E-12,2.7883E-06,0.05,2.778E-06,-2.7883E-06,1.965E-12
0.8,3.0146E-06,9.46399999999999E-06,1.855E-12,3.0097E-06,0.05,3.0146E-06,-3.0097E-06,1.855E-12
0.825,3.2554E-06,9.63199999999999E-06,2.295E-12,3.2518E-06,0.05,3.2554E-06,-3.2518E-06,2.295E-12
0.85,3.4979E-06,9.7E-06,2.055E-12,3.4976E-06,0.05,3.4979E-06,-3.4976E-06,2.055E-12
0.875,3.7536E-06,1.0228E-05,2.035E-12,3.7496E-06,0.05,3.7536E-06,-3.7496E-06,2.035E-12
0.9,4.0012E-06,9.90400000000001E-06,1.965E-12,3.9739E-06,0.05,4.0012E-06,-3.9739E-06,1.965E-12
0.925,4.2768E-06,1.1024E-05,2.005E-12,4.2774E-06,0.05,4.2768E-06,-4.2774E-06,2.005E-12
0.95,4.5551E-06,1.1132E-05,1.775E-12,4.553E-06,0.05,4.5551E-06,-4.553E-06,1.775E-12
0.975,4.8305E-06,1.1016E-05,1.895E-12,4.8231E-06,0.05,4.8305E-06,-4.8231E-06,1.895E-12
1,5.1144E-06,1.1356E-05,1.795E-12,5.1192E-06,0.05,5.1144E-06,-5.1192E-06,1.795E-12
1.025,5.4117E-06,1.18919999999999E-05,1.745E-12,5.4101E-06,0.05,5.4117E-06,-5.4101E-06,1.745E-12
1.05,5.7184E-06,1.2268E-05,2.055E-12,5.7299E-06,0.05,5.7184E-06,-5.7299E-06,2.055E-12
1.075,6.0382E-06,1.27920000000001E-05,2.035E-12,6.069E-06,0.05,6.0382E-06,-6.069E-06,2.035E-12
1.1,6.3778E-06,1.35839999999999E-05,2.495E-12,6.3611E-06,0.05,6.3778E-06,-6.3611E-06,2.495E-12
1.125,6.728E-06,1.4008E-05,1.895E-12,6.7198E-06,0.05,6.728E-06,-6.7198E-06,1.895E-12
1.15,7.0444E-06,1.26559999999999E-05,2.075E-12,7.0456E-06,0.05,7.0444E-06,-7.0456E-06,2.075E-12
1.175,7.3873E-06,1.3716E-05,1.825E-12,7.382E-06,0.05,7.3873E-06,-7.382E-06,1.825E-12
1.2,7.7363E-06,1.39600000000001E-05,2.185E-12,7.7312E-06,0.05,7.7363E-06,-7.7312E-06,2.185E-12
1.225,8.1164E-06,1.52039999999999E-05,2.015E-12,8.1076E-06,0.05,8.1164E-06,-8.1076E-06,2.015E-12
1.25,8.4778E-06,1.4456E-05,2.205E-12,8.4845E-06,0.05,8.4778E-06,-8.4845E-06,2.205E-12
1.275,8.8611E-06,1.53319999999999E-05,2.225E-12,8.8514E-06,0.05,8.8611E-06,-8.8514E-06,2.225E-12
1.3,9.2386E-06,1.51000000000001E-05,2.115E-12,9.2525E-06,0.05,9.2386E-06,-9.2525E-06,2.115E-12
1.325,9.598E-06,1.4376E-05,1.845E-12,9.6016E-06,0.05,9.598E-06,-9.6016E-06,1.845E-12
1.35,9.9878E-06,1.5592E-05,2.065E-12,1.0019E-05,0.05,9.9878E-06,-1.0019E-05,2.065E-12
1.375,1.03991E-05,1.64520000000001E-05,1.865E-12,1.0383E-05,0.05,1.03991E-05,-1.0383E-05,1.865E-12
1.4,1.07683E-05,1.47679999999999E-05,2.175E-12,1.07774E-05,0.05,1.07683E-05,-1.07774E-05,2.175E-12
1.425,1.11815E-05,1.6528E-05,2.255E-12,1.11631E-05,0.05,1.11815E-05,-1.11631E-05,2.255E-12
1.45,1.1552E-05,1.48199999999999E-05,2.115E-12,1.1554E-05,0.05,1.1552E-05,-1.1554E-05,2.115E-12
1.475,1.1964E-05,1.64800000000001E-05,2.195E-12,1.1968E-05,0.05,1.1964E-05,-1.1968E-05,2.195E-12
1.5,1.2358E-05,1.57600000000001E-05,2.105E-12,1.2388E-05,0.05,1.2358E-05,-1.2388E-05,2.105E-12
1.525,1.2826E-05,1.87199999999999E-05,1.875E-12,1.283E-05,0.05,1.2826E-05,-1.283E-05,1.875E-12
1.55,1.3252E-05,1.70400000000001E-05,1.865E-12,1.3238E-05,0.05,1.3252E-05,-1.3238E-05,1.865E-12
1.575,1.366E-05,1.63199999999999E-05,1.975E-12,1.3658E-05,0.05,1.366E-05,-1.3658E-05,1.975E-12
1.6,1.408E-05,1.68000000000001E-05,2.295E-12,1.4058E-05,0.05,1.408E-05,-1.4058E-05,2.295E-12
1.625,1.448E-05,1.6E-05,1.955E-12,1.444E-05,0.05,1.448E-05,-1.444E-05,1.955E-12
1.65,1.489E-05,1.63999999999999E-05,1.835E-12,1.4878E-05,0.05,1.489E-05,-1.4878E-05,1.835E-12
1.675,1.5348E-05,1.83200000000001E-05,1.905E-12,1.5322E-05,0.05,1.5348E-05,-1.5322E-05,1.905E-12
1.7,1.5748E-05,1.59999999999999E-05,1.935E-12,1.5722E-05,0.05,1.5748E-05,-1.5722E-05,1.935E-12
1.725,1.618E-05,1.72800000000001E-05,2.215E-12,1.6178E-05,0.05,1.618E-05,-1.6178E-05,2.215E-12
1.75,1.6604E-05,1.696E-05,2.025E-12,1.658E-05,0.05,1.6604E-05,-1.658E-05,2.025E-12
1.775,1.7054E-05,1.79999999999999E-05,2.295E-12,1.7036E-05,0.05,1.7054E-05,-1.7036E-05,2.295E-12
1.8,1.7464E-05,1.64000000000001E-05,1.995E-12,1.7452E-05,0.05,1.7464E-05,-1.7452E-05,1.995E-12
1.825,1.7922E-05,1.832E-05,1.945E-12,1.7872E-05,0.05,1.7922E-05,-1.7872E-05,1.945E-12
1.85,1.8334E-05,1.648E-05,2.405E-12,1.8326E-05,0.05,1.8334E-05,-1.8326E-05,2.405E-12
1.875,1.8764E-05,1.72000000000001E-05,2.345E-12,1.8744E-05,0.05,1.8764E-05,-1.8744E-05,2.345E-12
1.9,1.918E-05,1.66399999999998E-05,1.855E-12,1.9148E-05,0.05,1.918E-05,-1.9148E-05,1.855E-12
1.925,1.9634E-05,1.81600000000002E-05,2.405E-12,1.9594E-05,0.05,1.9634E-05,-1.9594E-05,2.405E-12
1.95,2.0034E-05,1.59999999999999E-05,2.005E-12,1.9952E-05,0.05,2.0034E-05,-1.9952E-05,2.005E-12
1.975,2.0418E-05,1.536E-05,1.975E-12,2.0388E-05,0.05,2.0418E-05,-2.0388E-05,1.975E-12
2,2.082E-05,1.60800000000001E-05,2.415E-12,2.0774E-05,0.05,2.082E-05,-2.0774E-05,2.415E-12
2,2.0804E-05,,2.295E-12,2.078E-05,0.05,2.0804E-05,-2.078E-05,2.295E-12
1.975,2.0298E-05,2.024E-05,2.035E-12,2.0328E-05,0.05,2.0298E-05,-2.0328E-05,2.035E-12
1.95,1.9866E-05,1.72800000000001E-05,1.845E-12,1.9864E-05,0.05,1.9866E-05,-1.9864E-05,1.845E-12
1.925,1.9356E-05,2.03999999999998E-05,1.715E-12,1.9358E-05,0.05,1.9356E-05,-1.9358E-05,1.715E-12
1.9,1.8926E-05,1.72000000000001E-05,2.175E-12,1.8912E-05,0.05,1.8926E-05,-1.8912E-05,2.175E-12
1.875,1.8466E-05,1.84E-05,1.895E-12,1.8444E-05,0.05,1.8466E-05,-1.8444E-05,1.895E-12
1.85,1.7976E-05,1.96E-05,2.325E-12,1.798E-05,0.05,1.7976E-05,-1.798E-05,2.325E-12
1.825,1.7536E-05,1.76000000000002E-05,1.735E-12,1.7498E-05,0.05,1.7536E-05,-1.7498E-05,1.735E-12
1.8,1.7066E-05,1.87999999999998E-05,1.955E-12,1.7038E-05,0.05,1.7066E-05,-1.7038E-05,1.955E-12
1.775,1.6614E-05,1.80800000000001E-05,2.185E-12,1.6572E-05,0.05,1.6614E-05,-1.6572E-05,2.185E-12
1.75,1.6164E-05,1.79999999999999E-05,1.915E-12,1.6164E-05,0.05,1.6164E-05,-1.6164E-05,1.915E-12
1.725,1.5714E-05,1.80000000000001E-05,1.795E-12,1.5706E-05,0.05,1.5714E-05,-1.5706E-05,1.795E-12
1.7,1.5278E-05,1.74399999999999E-05,1.685E-12,1.523E-05,0.05,1.5278E-05,-1.523E-05,1.685E-12
1.675,1.4858E-05,1.68E-05,2.115E-12,1.482E-05,0.05,1.4858E-05,-1.482E-05,2.115E-12
1.65,1.4364E-05,1.97600000000001E-05,1.695E-12,1.4348E-05,0.05,1.4364E-05,-1.4348E-05,1.695E-12
1.625,1.3886E-05,1.91199999999999E-05,2.035E-12,1.3898E-05,0.05,1.3886E-05,-1.3898E-05,2.035E-12
1.6,1.3472E-05,1.656E-05,1.595E-12,1.3472E-05,0.05,1.3472E-05,-1.3472E-05,1.595E-12
1.575,1.3034E-05,1.75200000000001E-05,2.005E-12,1.2994E-05,0.05,1.3034E-05,-1.2994E-05,2.005E-12
1.55,1.2566E-05,1.872E-05,2.075E-12,1.2552E-05,0.05,1.2566E-05,-1.2552E-05,2.075E-12
1.525,1.2126E-05,1.76E-05,2.285E-12,1.2112E-05,0.05,1.2126E-05,-1.2112E-05,2.285E-12
1.5,1.169E-05,1.74399999999999E-05,2.115E-12,1.1678E-05,0.05,1.169E-05,-1.1678E-05,2.115E-12
1.475,1.1282E-05,1.63200000000001E-05,1.795E-12,1.1282E-05,0.05,1.1282E-05,-1.1282E-05,1.795E-12
1.45,1.0832E-05,1.8E-05,2.085E-12,1.0816E-05,0.05,1.0832E-05,-1.0816E-05,2.085E-12
1.425,1.0398E-05,1.73599999999999E-05,2.235E-12,1.0386E-05,0.05,1.0398E-05,-1.0386E-05,2.235E-12
1.4,1.001E-05,1.55200000000001E-05,2.115E-12,1.0004E-05,0.05,1.001E-05,-1.0004E-05,2.115E-12
1.375,9.5956E-06,1.65759999999999E-05,1.885E-12,9.5975E-06,0.05,9.5956E-06,-9.5975E-06,1.885E-12
1.35,9.2236E-06,1.48800000000001E-05,2.235E-12,9.2199E-06,0.05,9.2236E-06,-9.2199E-06,2.235E-12
1.325,8.8099E-06,1.65479999999999E-05,1.855E-12,8.8109E-06,0.05,8.8099E-06,-8.8109E-06,1.855E-12
1.3,8.4337E-06,1.5048E-05,1.655E-12,8.457E-06,0.05,8.4337E-06,-8.457E-06,1.655E-12
1.275,8.0544E-06,1.51720000000001E-05,1.695E-12,8.0443E-06,0.05,8.0544E-06,-8.0443E-06,1.695E-12
1.25,7.6919E-06,1.44999999999999E-05,2.015E-12,7.7134E-06,0.05,7.6919E-06,-7.7134E-06,2.015E-12
1.225,7.3509E-06,1.364E-05,2.085E-12,7.3444E-06,0.05,7.3509E-06,-7.3444E-06,2.085E-12
1.2,6.991E-06,1.43959999999999E-05,2.095E-12,6.9892E-06,0.05,6.991E-06,-6.9892E-06,2.095E-12
1.175,6.646E-06,1.38000000000001E-05,2.195E-12,6.6473E-06,0.05,6.646E-06,-6.6473E-06,2.195E-12
1.15,6.3262E-06,1.2792E-05,2.295E-12,6.3211E-06,0.05,6.3262E-06,-6.3211E-06,2.295E-12
1.125,5.9868E-06,1.35759999999999E-05,1.845E-12,5.9952E-06,0.05,5.9868E-06,-5.9952E-06,1.845E-12
1.1,5.6482E-06,1.35440000000001E-05,1.845E-12,5.6386E-06,0.05,5.6482E-06,-5.6386E-06,1.845E-12
1.075,5.305E-06,1.37279999999999E-05,2.065E-12,5.288E-06,0.05,5.305E-06,-5.288E-06,2.065E-12
1.05,5.0057E-06,1.19720000000001E-05,1.945E-12,5.0087E-06,0.05,5.0057E-06,-5.0087E-06,1.945E-12
1.025,4.7027E-06,1.212E-05,1.995E-12,4.7094E-06,0.05,4.7027E-06,-4.7094E-06,1.995E-12
1,4.4146E-06,1.1524E-05,2.005E-12,4.4252E-06,0.05,4.4146E-06,-4.4252E-06,2.005E-12
0.975,4.145E-06,1.0784E-05,1.735E-12,4.1386E-06,0.05,4.145E-06,-4.1386E-06,1.735E-12
0.95,3.8604E-06,1.1384E-05,2.135E-12,3.8748E-06,0.05,3.8604E-06,-3.8748E-06,2.135E-12
0.925,3.6307E-06,9.188E-06,1.875E-12,3.6163E-06,0.05,3.6307E-06,-3.6163E-06,1.875E-12
0.9,3.3639E-06,1.0672E-05,1.915E-12,3.3656E-06,0.05,3.3639E-06,-3.3656E-06,1.915E-12
0.875,3.1222E-06,9.668E-06,1.555E-12,3.1204E-06,0.05,3.1222E-06,-3.1204E-06,1.555E-12
0.85,2.8903E-06,9.27600000000004E-06,1.915E-12,2.891E-06,0.05,2.8903E-06,-2.891E-06,1.915E-12
0.825,2.6605E-06,9.19199999999999E-06,1.825E-12,2.6647E-06,0.05,2.6605E-06,-2.6647E-06,1.825E-12
0.8,2.4355E-06,8.99999999999999E-06,1.995E-12,2.4415E-06,0.05,2.4355E-06,-2.4415E-06,1.995E-12
0.775,2.2408E-06,7.78799999999999E-06,2.175E-12,2.2406E-06,0.05,2.2408E-06,-2.2406E-06,2.175E-12
0.75,2.0465E-06,7.77199999999999E-06,1.915E-12,2.0352E-06,0.05,2.0465E-06,-2.0352E-06,1.915E-12
0.725,1.8449E-06,8.06400000000003E-06,1.995E-12,1.8455E-06,0.05,1.8449E-06,-1.8455E-06,1.995E-12
0.7,1.6721E-06,6.91199999999999E-06,2.355E-12,1.6678E-06,0.05,1.6721E-06,-1.6678E-06,2.355E-12
0.675,1.5005E-06,6.864E-06,1.945E-12,1.4892E-06,0.05,1.5005E-06,-1.4892E-06,1.945E-12
0.65,1.3322E-06,6.73199999999999E-06,2.005E-12,1.3356E-06,0.05,1.3322E-06,-1.3356E-06,2.005E-12
0.625,1.1914E-06,5.63199999999999E-06,1.885E-12,1.1949E-06,0.05,1.1914E-06,-1.1949E-06,1.885E-12
0.6,1.0536E-06,5.51199999999999E-06,1.715E-12,1.0509E-06,0.05,1.0536E-06,-1.0509E-06,1.715E-12
0.575,9.249E-07,5.14800000000002E-06,2.315E-12,9.2488E-07,0.05,9.249E-07,-9.2488E-07,2.315E-12
0.55,8.1642E-07,4.3392E-06,1.585E-12,8.0902E-07,0.05,8.1642E-07,-8.0902E-07,1.585E-12
0.525,7.0302E-07,4.53599999999999E-06,1.695E-12,7.0564E-07,0.05,7.0302E-07,-7.0564E-07,1.695E-12
0.5,6.0274E-07,4.0112E-06,2.005E-12,6.0104E-07,0.05,6.0274E-07,-6.0104E-07,2.005E-12
0.475,5.1166E-07,3.64320000000001E-06,2.065E-12,5.111E-07,0.05,5.1166E-07,-5.111E-07,2.065E-12
0.45,4.285E-07,3.3264E-06,1.975E-12,4.2696E-07,0.05,4.285E-07,-4.2696E-07,1.975E-12
0.425,3.5374E-07,2.9904E-06,2.095E-12,3.5136E-07,0.05,3.5374E-07,-3.5136E-07,2.095E-12
0.4,2.8774E-07,2.64E-06,2.135E-12,2.8812E-07,0.05,2.8774E-07,-2.8812E-07,2.135E-12
0.375,2.2882E-07,2.3568E-06,2.255E-12,2.2964E-07,0.05,2.2882E-07,-2.2964E-07,2.255E-12
0.35,1.8088E-07,1.9176E-06,1.755E-12,1.7952E-07,0.05,1.8088E-07,-1.7952E-07,1.755E-12
0.325,1.3882E-07,1.6824E-06,2.165E-12,1.386E-07,0.05,1.3882E-07,-1.386E-07,2.165E-12
0.3,1.044E-07,1.3768E-06,2.365E-12,1.026E-07,0.05,1.044E-07,-1.026E-07,2.365E-12
0.275,7.52658E-08,1.165368E-06,1.825E-12,7.5784E-08,0.05,7.52658E-08,-7.5784E-08,1.825E-12
0.25,5.20874E-08,9.27135999999999E-07,1.825E-12,5.19126E-08,0.05,5.20874E-08,-5.19126E-08,1.825E-12
0.225,3.48254E-08,6.9048E-07,1.955E-12,3.55774E-08,0.05,3.48254E-08,-3.55774E-08,1.955E-12
0.2,2.24424E-08,4.9532E-07,2.105E-12,2.26018E-08,0.05,2.24424E-08,-2.26018E-08,2.105E-12
0.175,1.40912E-08,3.34048E-07,1.825E-12,1.411E-08,0.05,1.40912E-08,-1.411E-08,1.825E-12
0.15,8.12337E-09,2.387132E-07,1.945E-12,7.99844E-09,0.05,8.12337E-09,-7.99844E-09,1.945E-12
0.125,4.40587E-09,1.487E-07,2.015E-12,4.37194E-09,0.05,4.40587E-09,-4.37194E-09,2.015E-12
0.1,2.20027E-09,8.8224E-08,2.225E-12,2.23344E-09,0.05,2.20027E-09,-2.23344E-09,2.225E-12
0.075,1.06017E-09,4.5604E-08,1.975E-12,1.05234E-09,0.05,1.06017E-09,-1.05234E-09,1.975E-12
0.05,4.92827E-10,2.269372E-08,1.865E-12,5.00606E-10,0.05,4.92827E-10,-5.00606E-10,1.865E-12
0.025,2.11587E-10,1.12496E-08,1.725E-12,2.15036E-10,0.05,2.11587E-10,-2.15036E-10,1.725E-12
0,9.5127E-11,4.6584E-09,2.185E-12,9.5646E-11,0.05,9.5127E-11,-9.5646E-11,2.185E-12
-0.025,3.9817E-11,2.2124E-09,2.335E-12,4.0156E-11,0.05,3.9817E-11,-4.0156E-11,2.335E-12
-0.05,1.6307E-11,9.404E-10,1.905E-12,1.8026E-11,0.05,1.6307E-11,-1.8026E-11,1.905E-12
-0.075,6.317E-12,3.996E-10,1.845E-12,8.256E-12,0.05,6.317E-12,-8.256E-12,1.845E-12
-0.1,2.997E-12,1.328E-10,2.405E-12,4.266E-12,0.05,2.997E-12,-4.266E-12,2.405E-12
-0.125,1.037E-12,7.84E-11,1.865E-12,2.226E-12,0.05,1.037E-12,-2.226E-12,1.865E-12
-0.15,6.47E-13,1.56E-11,2.195E-12,1.106E-12,0.05,6.47E-13,-1.106E-12,2.195E-12
-0.175,2.67E-13,1.52E-11,1.695E-12,1.586E-12,0.05,2.67E-13,-1.586E-12,1.695E-12
-0.2,1.23E-13,5.76E-12,1.915E-12,1.566E-12,0.05,-1.23E-13,-1.566E-12,1.915E-12
-0.225,3.93E-13,-1.08E-11,1.655E-12,1.636E-12,0.05,-3.93E-13,-1.636E-12,1.655E-12
-0.25,1.7E-14,1.504E-11,1.865E-12,1.416E-12,0.05,1.7E-14,-1.416E-12,1.865E-12
-0.275,1.47E-13,-5.2E-12,2.325E-12,1.196E-12,0.05,1.47E-13,-1.196E-12,2.325E-12
-0.3,3.47E-13,-8.00000000000001E-12,2.385E-12,1.406E-12,0.05,3.47E-13,-1.406E-12,2.385E-12
-0.325,2.87E-13,2.4E-12,1.765E-12,1.546E-12,0.05,2.87E-13,-1.546E-12,1.765E-12
-0.35,5.03E-13,-8.63999999999999E-12,1.765E-12,1.566E-12,0.05,-5.03E-13,-1.566E-12,1.765E-12
-0.375,9.7E-14,1.624E-11,1.675E-12,1.686E-12,0.05,9.7E-14,-1.686E-12,1.675E-12
-0.4,2.17E-13,-4.8E-12,1.985E-12,1.486E-12,0.05,2.17E-13,-1.486E-12,1.985E-12
-0.425,3.67E-13,-6E-12,2.295E-12,1.436E-12,0.05,3.67E-13,-1.436E-12,2.295E-12
-0.45,2.87E-13,3.2E-12,2.105E-12,1.506E-12,0.05,2.87E-13,-1.506E-12,2.105E-12
-0.475,1.67E-13,4.8E-12,2.125E-12,1.666E-12,0.05,1.67E-13,-1.666E-12,2.125E-12
-0.5,3.3E-14,5.36000000000001E-12,2.095E-12,1.546E-12,0.05,-3.3E-14,-1.546E-12,2.095E-12
-0.525,3.33E-13,-1.2E-11,1.865E-12,1.176E-12,0.05,-3.33E-13,-1.176E-12,1.865E-12
-0.55,2.17E-13,4.64E-12,2.045E-12,1.576E-12,0.05,2.17E-13,-1.576E-12,2.045E-12
-0.575,1.7E-14,7.99999999999999E-12,1.825E-12,1.406E-12,0.05,1.7E-14,-1.406E-12,1.825E-12
-0.6,2.7E-14,-4.00000000000001E-13,2.135E-12,1.536E-12,0.05,2.7E-14,-1.536E-12,2.135E-12
-0.625,1.47E-13,-4.8E-12,2.065E-12,1.406E-12,0.05,1.47E-13,-1.406E-12,2.065E-12
-0.65,2.53E-13,-4.24E-12,1.985E-12,1.526E-12,0.05,-2.53E-13,-1.526E-12,1.985E-12
-0.675,3.7E-14,8.63999999999999E-12,2.295E-12,1.556E-12,0.05,3.7E-14,-1.556E-12,2.295E-12
-0.7,4.3E-14,-2.4E-13,1.845E-12,1.396E-12,0.05,-4.3E-14,-1.396E-12,1.845E-12
-0.725,3.7E-14,2.4E-13,1.955E-12,1.326E-12,0.05,3.7E-14,-1.326E-12,1.955E-12
-0.75,3.67E-13,-1.32E-11,2.145E-12,1.386E-12,0.05,3.67E-13,-1.386E-12,2.145E-12
-0.775,1.33E-13,9.35999999999999E-12,2.075E-12,1.486E-12,0.05,-1.33E-13,-1.486E-12,2.075E-12
-0.8,2.73E-13,-5.59999999999999E-12,1.585E-12,1.406E-12,0.05,-2.73E-13,-1.406E-12,1.585E-12
-0.825,7E-15,1.064E-11,1.855E-12,1.416E-12,0.05,7E-15,-1.416E-12,1.855E-12
-0.85,1.87E-13,-7.19999999999999E-12,1.535E-12,1.456E-12,0.05,1.87E-13,-1.456E-12,1.535E-12
-0.875,4.7E-14,5.60000000000002E-12,2.165E-12,1.446E-12,0.05,4.7E-14,-1.446E-12,2.165E-12
-0.9,4.3E-14,1.6E-13,1.795E-12,1.106E-12,0.05,-4.3E-14,-1.106E-12,1.795E-12
-0.925,1.63E-13,-4.8E-12,2.405E-12,1.546E-12,0.05,-1.63E-13,-1.546E-12,2.405E-12
-0.95,1.93E-13,-1.2E-12,2.345E-12,1.516E-12,0.05,-1.93E-13,-1.516E-12,2.345E-12
-0.975,4.73E-13,-1.12E-11,1.815E-12,1.486E-12,0.05,-4.73E-13,-1.486E-12,1.815E-12
-1,3.3E-14,1.76000000000001E-11,1.935E-12,1.546E-12,0.05,-3.3E-14,-1.546E-12,1.935E-12
-1,1.497E-12,,2.095E-12,1.376E-12,1,1.497E-12,-1.376E-12,2.095E-12
-0.975,1.037E-12,-1.84000000000001E-11,1.995E-12,1.326E-12,1,1.037E-12,-1.326E-12,1.995E-12
-0.95,1.207E-12,6.79999999999999E-12,2.105E-12,1.336E-12,1,1.207E-12,-1.336E-12,2.105E-12
-0.925,4.17E-13,-3.16E-11,2.055E-12,1.546E-12,1,4.17E-13,-1.546E-12,2.055E-12
-0.9,3.97E-13,-8E-13,1.915E-12,1.526E-12,1,3.97E-13,-1.526E-12,1.915E-12
-0.875,6.37E-13,9.59999999999999E-12,2.085E-12,1.466E-12,1,6.37E-13,-1.466E-12,2.085E-12
-0.85,6.27E-13,-4E-13,1.865E-12,1.666E-12,1,6.27E-13,-1.666E-12,1.865E-12
-0.825,1.087E-12,1.84E-11,1.775E-12,1.276E-12,1,1.087E-12,-1.276E-12,1.775E-12
-0.8,6.67E-13,-1.68E-11,2.155E-12,1.556E-12,1,6.67E-13,-1.556E-12,2.155E-12
-0.775,7.17E-13,2E-12,2.065E-12,1.296E-12,1,7.17E-13,-1.296E-12,2.065E-12
-0.75,5.57E-13,-6.4E-12,2.275E-12,1.656E-12,1,5.57E-13,-1.656E-12,2.275E-12
-0.725,2.37E-13,-1.28E-11,1.635E-12,1.626E-12,1,2.37E-13,-1.626E-12,1.635E-12
-0.7,5.87E-13,1.4E-11,2.005E-12,1.906E-12,1,5.87E-13,-1.906E-12,2.005E-12
-0.675,8.57E-13,1.08E-11,1.935E-12,1.376E-12,1,8.57E-13,-1.376E-12,1.935E-12
-0.65,7.57E-13,-4E-12,2.265E-12,1.156E-12,1,7.57E-13,-1.156E-12,2.265E-12
-0.625,1.97E-13,-2.24E-11,2.165E-12,1.786E-12,1,1.97E-13,-1.786E-12,2.165E-12
-0.6,3.87E-13,7.59999999999999E-12,1.965E-12,1.696E-12,1,3.87E-13,-1.696E-12,1.965E-12
-0.575,2.97E-13,-3.60000000000001E-12,2.105E-12,1.466E-12,1,2.97E-13,-1.466E-12,2.105E-12
-0.55,7.77E-13,1.92E-11,2.325E-12,1.596E-12,1,7.77E-13,-1.596E-12,2.325E-12
-0.525,6.47E-13,-5.19999999999999E-12,1.885E-12,1.156E-12,1,6.47E-13,-1.156E-12,1.885E-12
-0.5,4.87E-13,-6.4E-12,2.075E-12,1.256E-12,1,4.87E-13,-1.256E-12,2.075E-12
-0.475,2.97E-13,-7.60000000000001E-12,2.395E-12,1.796E-12,1,2.97E-13,-1.796E-12,2.395E-12
-0.45,4.67E-13,6.79999999999999E-12,1.975E-12,1.396E-12,1,4.67E-13,-1.396E-12,1.975E-12
-0.425,1.87E-13,-1.12E-11,1.735E-12,1.846E-12,1,1.87E-13,-1.846E-12,1.735E-12
-0.4,7.17E-13,2.12E-11,1.915E-12,1.646E-12,1,7.17E-13,-1.646E-12,1.915E-12
-0.375,4.77E-13,-9.59999999999999E-12,2.355E-12,1.436E-12,1,4.77E-13,-1.436E-12,2.355E-12
-0.35,1.67E-13,-1.24E-11,2.065E-12,1.616E-12,1,1.67E-13,-1.616E-12,2.065E-12
-0.325,3.07E-13,5.59999999999999E-12,2.105E-12,1.466E-12,1,3.07E-13,-1.466E-12,2.105E-12
-0.3,4.57E-13,6E-12,1.825E-12,1.306E-12,1,4.57E-13,-1.306E-12,1.825E-12
-0.275,1.17E-13,-1.36E-11,1.835E-12,1.456E-12,1,1.17E-13,-1.456E-12,1.835E-12
-0.25,4.17E-13,1.2E-11,1.775E-12,1.476E-12,1,4.17E-13,-1.476E-12,1.775E-12
-0.225,6.27E-13,8.4E-12,1.855E-12,1.576E-12,1,6.27E-13,-1.576E-12,1.855E-12
-0.2,9.37E-13,1.24E-11,2.385E-12,1.426E-12,1,9.37E-13,-1.426E-12,2.385E-12
-0.175,8.77E-13,-2.4E-12,2.145E-12,2.326E-12,1,8.77E-13,-2.326E-12,2.145E-12
-0.15,1.637E-12,3.04E-11,2.065E-12,3.256E-12,1,1.637E-12,-3.256E-12,2.065E-12
-0.125,4.097E-12,9.84E-11,2.185E-12,5.806E-12,1,4.097E-12,-5.806E-12,2.185E-12
-0.1,9.857E-12,2.304E-10,1.555E-12,1.0796E-11,1,9.857E-12,-1.0796E-11,1.555E-12
-0.075,2.3867E-11,5.604E-10,2.035E-12,2.5526E-11,1,2.3867E-11,-2.5526E-11,2.035E-12
-0.05,6.0007E-11,1.4456E-09,2.125E-12,5.9056E-11,1,6.0007E-11,-5.9056E-11,2.125E-12
-0.025,1.42477E-10,3.2988E-09,2.285E-12,1.38726E-10,1,1.42477E-10,-1.38726E-10,2.285E-12
0,3.29527E-10,7.482E-09,2.085E-12,3.36396E-10,1,3.29527E-10,-3.36396E-10,2.085E-12
0.025,7.65257E-10,1.74292E-08,1.925E-12,7.52106E-10,1,7.65257E-10,-7.52106E-10,1.925E-12
0.05,1.76267E-09,3.989652E-08,2.005E-12,1.76854E-09,1,1.76267E-09,-1.76854E-09,2.005E-12
0.075,3.77747E-09,8.0592E-08,1.695E-12,3.74754E-09,1,3.77747E-09,-3.74754E-09,1.695E-12
0.1,7.72137E-09,1.57756E-07,2.015E-12,7.81874E-09,1,7.72137E-09,-7.81874E-09,2.015E-12
0.125,1.51082E-08,2.954732E-07,2.065E-12,1.5011E-08,1,1.51082E-08,-1.5011E-08,2.065E-12
0.15,2.79622E-08,5.1416E-07,1.975E-12,2.75232E-08,1,2.79622E-08,-2.75232E-08,1.975E-12
0.175,4.88838E-08,8.36863999999999E-07,2.255E-12,4.93532E-08,1,4.88838E-08,-4.93532E-08,2.255E-12
0.2,8.19364E-08,1.322104E-06,2.205E-12,8.03292E-08,1,8.19364E-08,-8.03292E-08,2.205E-12
0.225,1.2926E-07,1.892944E-06,2.045E-12,1.309E-07,1,1.2926E-07,-1.309E-07,2.045E-12
0.25,1.9996E-07,2.828E-06,1.925E-12,2.0188E-07,1,1.9996E-07,-2.0188E-07,1.925E-12
0.275,2.9524E-07,3.8112E-06,2.125E-12,2.9952E-07,1,2.9524E-07,-2.9952E-07,2.125E-12
0.3,4.201E-07,4.99440000000001E-06,2.065E-12,4.2182E-07,1,4.201E-07,-4.2182E-07,2.065E-12
0.325,5.863E-07,6.64799999999999E-06,2.015E-12,5.9038E-07,1,5.863E-07,-5.9038E-07,2.015E-12
0.35,7.8946E-07,8.12639999999999E-06,2.015E-12,7.9408E-07,1,7.8946E-07,-7.9408E-07,2.015E-12
0.375,1.05096E-06,1.046E-05,2.115E-12,1.04086E-06,1,1.05096E-06,-1.04086E-06,2.115E-12
0.4,1.3565E-06,1.22216E-05,2.125E-12,1.3446E-06,1,1.3565E-06,-1.3446E-06,2.125E-12
0.425,1.7094E-06,1.4116E-05,2.155E-12,1.7221E-06,1,1.7094E-06,-1.7221E-06,2.155E-12
0.45,2.1776E-06,1.8728E-05,1.895E-12,2.1721E-06,1,2.1776E-06,-2.1721E-06,1.895E-12
0.475,2.7001E-06,2.09E-05,1.865E-12,2.7011E-06,1,2.7001E-06,-2.7011E-06,1.865E-12
0.5,3.3247E-06,2.4984E-05,1.775E-12,3.3228E-06,1,3.3247E-06,-3.3228E-06,1.775E-12
0.525,3.972E-06,2.5892E-05,2.075E-12,3.9756E-06,1,3.972E-06,-3.9756E-06,2.075E-12
0.55,4.8711E-06,3.5964E-05,1.845E-12,4.8827E-06,1,4.8711E-06,-4.8827E-06,1.845E-12
0.575,5.7858E-06,3.6588E-05,2.115E-12,5.7791E-06,1,5.7858E-06,-5.7791E-06,2.115E-12
0.6,6.8007E-06,4.05960000000002E-05,1.685E-12,6.815E-06,1,6.8007E-06,-6.815E-06,1.685E-12
0.625,7.985E-06,4.7372E-05,2.235E-12,7.9424E-06,1,7.985E-06,-7.9424E-06,2.235E-12
0.65,9.2557E-06,5.08279999999999E-05,1.935E-12,9.25E-06,1,9.2557E-06,-9.25E-06,1.935E-12
0.675,1.06075E-05,5.4072E-05,1.955E-12,1.05667E-05,1,1.06075E-05,-1.05667E-05,1.955E-12
0.7,1.2244E-05,6.54599999999999E-05,2.185E-12,1.2162E-05,1,1.2244E-05,-1.2162E-05,2.185E-12
0.725,1.3906E-05,6.648E-05,2.095E-12,1.3824E-05,1,1.3906E-05,-1.3824E-05,2.095E-12
0.75,1.5746E-05,7.36000000000003E-05,2.075E-12,1.5746E-05,1,1.5746E-05,-1.5746E-05,2.075E-12
0.775,1.7698E-05,7.808E-05,1.935E-12,1.7698E-05,1,1.7698E-05,-1.7698E-05,1.935E-12
0.8,1.995E-05,9.00799999999998E-05,1.975E-12,1.9886E-05,1,1.995E-05,-1.9886E-05,1.975E-12
0.825,2.222E-05,9.07999999999999E-05,2.275E-12,2.229E-05,1,2.222E-05,-2.229E-05,2.275E-12
0.85,2.4778E-05,0.00010232,2.025E-12,2.4912E-05,1,2.4778E-05,-2.4912E-05,2.025E-12
0.875,2.7324E-05,0.00010184,2.145E-12,2.7508E-05,1,2.7324E-05,-2.7508E-05,2.145E-12
0.9,3.0426E-05,0.00012408,1.815E-12,3.031E-05,1,3.0426E-05,-3.031E-05,1.815E-12
0.925,3.3022E-05,0.00010384,2.055E-12,3.3272E-05,1,3.3022E-05,-3.3272E-05,2.055E-12
0.95,3.6532E-05,0.0001404,1.825E-12,3.6432E-05,1,3.6532E-05,-3.6432E-05,1.825E-12
0.975,3.983E-05,0.00013192,1.925E-12,4.003E-05,1,3.983E-05,-4.003E-05,1.925E-12
1,4.3522E-05,0.00014768,1.865E-12,4.3412E-05,1,4.3522E-05,-4.3412E-05,1.865E-12
1.025,4.7336E-05,0.000152559999999999,1.705E-12,4.7312E-05,1,4.7336E-05,-4.7312E-05,1.705E-12
1.05,5.1034E-05,0.00014792,1.845E-12,5.1108E-05,1,5.1034E-05,-5.1108E-05,1.845E-12
1.075,5.5028E-05,0.000159760000000001,1.835E-12,5.5154E-05,1,5.5028E-05,-5.5154E-05,1.835E-12
1.1,5.9566E-05,0.000181519999999999,1.845E-12,5.9552E-05,1,5.9566E-05,-5.9552E-05,1.845E-12
1.125,6.4278E-05,0.00018848,1.945E-12,6.4428E-05,1,6.4278E-05,-6.4428E-05,1.945E-12
1.15,6.8724E-05,0.000177839999999999,1.705E-12,6.8894E-05,1,6.8724E-05,-6.8894E-05,1.705E-12
1.175,7.3704E-05,0.000199200000000001,1.875E-12,7.3856E-05,1,7.3704E-05,-7.3856E-05,1.875E-12
1.2,7.8826E-05,0.000204880000000001,2.085E-12,7.8794E-05,1,7.8826E-05,-7.8794E-05,2.085E-12
1.225,8.4178E-05,0.000214079999999999,1.875E-12,8.457E-05,1,8.4178E-05,-8.457E-05,1.875E-12
1.25,8.9848E-05,0.0002268,1.725E-12,8.9542E-05,1,8.9848E-05,-8.9542E-05,1.725E-12
1.275,9.5432E-05,0.000223359999999999,1.855E-12,9.5806E-05,1,9.5432E-05,-9.5806E-05,1.855E-12
1.3,0.000100898,0.000218640000000001,2.225E-12,0.000100966,1,0.000100898,-0.000100966,2.225E-12
1.325,0.00010724,0.000253680000000001,2.305E-12,0.00010707,1,0.00010724,-0.00010707,2.305E-12
1.35,0.000113136,0.000235839999999999,2.125E-12,0.00011325,1,0.000113136,-0.00011325,2.125E-12
1.375,0.00011994,0.000272160000000001,1.875E-12,0.00011982,1,0.00011994,-0.00011982,1.875E-12
1.4,0.000126,0.000242399999999998,2.025E-12,0.00012612,1,0.000126,-0.00012612,2.025E-12
1.425,0.00013274,0.000269600000000001,2.365E-12,0.00013264,1,0.00013274,-0.00013264,2.365E-12
1.45,0.00013992,0.000287199999999998,2.105E-12,0.00013948,1,0.00013992,-0.00013948,2.105E-12
1.475,0.00014634,0.000256800000000001,1.965E-12,0.00014574,1,0.00014634,-0.00014574,1.965E-12
1.5,0.00015312,0.0002712,2.005E-12,0.000153,1,0.00015312,-0.000153,2.005E-12
1.525,0.0001605,0.000295199999999998,1.995E-12,0.00016052,1,0.0001605,-0.00016052,1.995E-12
1.55,0.00016798,0.000299200000000001,1.975E-12,0.00016818,1,0.00016798,-0.00016818,1.975E-12
1.575,0.00017578,0.000311999999999998,1.765E-12,0.00017586,1,0.00017578,-0.00017586,1.765E-12
1.6,0.00018304,0.000290400000000001,1.945E-12,0.00018294,1,0.00018304,-0.00018294,1.945E-12
1.625,0.00019082,0.000311200000000001,2.415E-12,0.00019088,1,0.00019082,-0.00019088,2.415E-12
1.65,0.00019844,0.000304799999999998,2.105E-12,0.00019852,1,0.00019844,-0.00019852,2.105E-12
1.675,0.00020678,0.000333600000000002,2.205E-12,0.0002067,1,0.00020678,-0.0002067,2.205E-12
1.7,0.00021468,0.000315999999999998,2.315E-12,0.0002143,1,0.00021468,-0.0002143,2.315E-12
1.725,0.00022226,0.0003032,1.605E-12,0.0002218,1,0.00022226,-0.0002218,1.605E-12
1.75,0.0002306,0.000333600000000002,1.665E-12,0.00023048,1,0.0002306,-0.00023048,1.665E-12
1.775,0.0002389,0.000331999999999998,2.275E-12,0.00023852,1,0.0002389,-0.00023852,2.275E-12
1.8,0.00024724,0.000333600000000002,2.145E-12,0.0002469,1,0.00024724,-0.0002469,2.145E-12
1.825,0.00025528,0.000321599999999999,2.105E-12,0.00025474,1,0.00025528,-0.00025474,2.105E-12
1.85,0.0002637,0.0003368,1.945E-12,0.00026416,1,0.0002637,-0.00026416,1.945E-12
1.875,0.00027262,0.000356800000000001,2.065E-12,0.00027304,1,0.00027262,-0.00027304,2.065E-12
1.9,0.00028104,0.000336799999999999,1.775E-12,0.00028078,1,0.00028104,-0.00028078,1.775E-12
1.925,0.00028964,0.000344000000000001,1.945E-12,0.00028894,1,0.00028964,-0.00028894,1.945E-12
1.95,0.0002973,0.000306399999999998,1.835E-12,0.00029724,1,0.0002973,-0.00029724,1.835E-12
1.975,0.00030574,0.000337600000000002,2.125E-12,0.00030566,1,0.00030574,-0.00030566,2.125E-12
2,0.00031488,0.000365600000000001,2.125E-12,0.00031422,1,0.00031488,-0.00031422,2.125E-12
2,0.00031414,,2.095E-12,0.00031414,1,0.00031414,-0.00031414,2.095E-12
1.975,0.00030496,0.000367200000000002,2.215E-12,0.00030426,1,0.00030496,-0.00030426,2.215E-12
1.95,0.0002935,0.000458400000000001,1.895E-12,0.00029422,1,0.0002935,-0.00029422,1.895E-12
1.925,0.00028468,0.0003528,2.155E-12,0.00028414,1,0.00028468,-0.00028414,2.155E-12
1.9,0.00027416,0.0004208,2.135E-12,0.0002745,1,0.00027416,-0.0002745,2.135E-12
1.875,0.00026578,0.000335199999999998,2.035E-12,0.00026552,1,0.00026578,-0.00026552,2.035E-12
1.85,0.00025578,0.000400000000000002,2.085E-12,0.00025588,1,0.00025578,-0.00025588,2.085E-12
1.825,0.00024714,0.0003456,2.205E-12,0.0002471,1,0.00024714,-0.0002471,2.205E-12
1.8,0.00023862,0.000340799999999998,1.785E-12,0.00023832,1,0.00023862,-0.00023832,1.785E-12
1.775,0.00022996,0.000346400000000001,1.895E-12,0.00023028,1,0.00022996,-0.00023028,1.895E-12
1.75,0.00022148,0.000339199999999999,2.075E-12,0.0002211,1,0.00022148,-0.0002211,2.075E-12
1.725,0.00021288,0.000344000000000001,2.095E-12,0.00021326,1,0.00021288,-0.00021326,2.095E-12
1.7,0.00020412,0.000350400000000001,2.075E-12,0.00020412,1,0.00020412,-0.00020412,2.075E-12
1.675,0.00019576,0.000334399999999999,1.755E-12,0.0001961,1,0.00019576,-0.0001961,1.755E-12
1.65,0.00018782,0.000317600000000001,1.795E-12,0.00018718,1,0.00018782,-0.00018718,1.795E-12
1.625,0.00017972,0.000323999999999997,1.975E-12,0.00017996,1,0.00017972,-0.00017996,1.975E-12
1.6,0.00017142,0.000332000000000002,1.915E-12,0.00017174,1,0.00017142,-0.00017174,1.915E-12
1.575,0.00016358,0.000313600000000001,2.035E-12,0.00016382,1,0.00016358,-0.00016382,2.035E-12
1.55,0.00015664,0.000277599999999998,2.005E-12,0.00015596,1,0.00015664,-0.00015596,2.005E-12
1.525,0.0001493,0.000293600000000002,1.515E-12,0.00014892,1,0.0001493,-0.00014892,1.515E-12
1.5,0.00014152,0.000311199999999998,2.055E-12,0.00014184,1,0.00014152,-0.00014184,2.055E-12
1.475,0.00013478,0.000269600000000001,2.075E-12,0.00013512,1,0.00013478,-0.00013512,2.075E-12
1.45,0.00012798,0.000272000000000001,1.845E-12,0.00012792,1,0.00012798,-0.00012792,1.845E-12
1.425,0.00012158,0.000255999999999998,1.905E-12,0.00012104,1,0.00012158,-0.00012104,1.905E-12
1.4,0.00011508,0.000260000000000001,1.495E-12,0.00011512,1,0.00011508,-0.00011512,1.495E-12
1.375,0.00010836,0.000268799999999998,1.885E-12,0.00010866,1,0.00010836,-0.00010866,1.885E-12
1.35,0.00010212,0.000249600000000001,2.065E-12,0.00010198,1,0.00010212,-0.00010198,2.065E-12
1.325,9.6076E-05,0.000241759999999999,1.845E-12,9.5966E-05,1,9.6076E-05,-9.5966E-05,1.845E-12
1.3,9.0292E-05,0.000231360000000001,1.875E-12,9.0702E-05,1,9.0292E-05,-9.0702E-05,1.875E-12
1.275,8.4664E-05,0.000225120000000001,2.185E-12,8.4578E-05,1,8.4664E-05,-8.4578E-05,2.185E-12
1.25,7.9964E-05,0.000187999999999999,1.695E-12,7.9868E-05,1,7.9964E-05,-7.9868E-05,1.695E-12
1.225,7.4578E-05,0.000215440000000001,1.885E-12,7.465E-05,1,7.4578E-05,-7.465E-05,1.885E-12
1.2,6.9442E-05,0.000205439999999999,1.915E-12,6.959E-05,1,6.9442E-05,-6.959E-05,1.915E-12
1.175,6.4668E-05,0.000190960000000001,1.895E-12,6.4758E-05,1,6.4668E-05,-6.4758E-05,1.895E-12
1.15,6.0346E-05,0.000172880000000001,2.055E-12,6.0108E-05,1,6.0346E-05,-6.0108E-05,2.055E-12
1.125,5.5642E-05,0.000188159999999999,1.795E-12,5.5888E-05,1,5.5642E-05,-5.5888E-05,1.795E-12
1.1,5.167E-05,0.00015888,2.055E-12,5.1592E-05,1,5.167E-05,-5.1592E-05,2.055E-12
1.075,4.758E-05,0.000163599999999999,1.905E-12,4.7578E-05,1,4.758E-05,-4.7578E-05,1.905E-12
1.05,4.3948E-05,0.000145280000000001,2.085E-12,4.3824E-05,1,4.3948E-05,-4.3824E-05,2.085E-12
1.025,4.0158E-05,0.0001516,2.305E-12,4.0258E-05,1,4.0158E-05,-4.0258E-05,2.305E-12
1,3.6908E-05,0.000129999999999999,2.165E-12,3.6898E-05,1,3.6908E-05,-3.6898E-05,2.165E-12
0.975,3.3626E-05,0.00013128,1.915E-12,3.3646E-05,1,3.3626E-05,-3.3646E-05,1.915E-12
0.95,3.0616E-05,0.0001204,1.775E-12,3.0586E-05,1,3.0616E-05,-3.0586E-05,1.775E-12
0.925,2.7506E-05,0.0001244,1.985E-12,2.7544E-05,1,2.7506E-05,-2.7544E-05,1.985E-12
0.9,2.4834E-05,0.00010688,2.785E-12,2.4832E-05,1,2.4834E-05,-2.4832E-05,2.785E-12
0.875,2.2492E-05,9.36799999999999E-05,2.035E-12,2.2596E-05,1,2.2492E-05,-2.2596E-05,2.035E-12
0.85,2.001E-05,9.92800000000004E-05,1.685E-12,1.9968E-05,1,2.001E-05,-1.9968E-05,1.685E-12
0.825,1.7916E-05,8.376E-05,2.135E-12,1.7798E-05,1,1.7916E-05,-1.7798E-05,2.135E-12
0.8,1.5854E-05,8.24799999999999E-05,2.165E-12,1.5886E-05,1,1.5854E-05,-1.5886E-05,2.165E-12
0.775,1.404E-05,7.25599999999999E-05,2.245E-12,1.3924E-05,1,1.404E-05,-1.3924E-05,2.245E-12
0.75,1.2278E-05,7.048E-05,1.875E-12,1.2238E-05,1,1.2278E-05,-1.2238E-05,1.875E-12
0.725,1.0696E-05,6.32800000000002E-05,2.025E-12,1.0722E-05,1,1.0696E-05,-1.0722E-05,2.025E-12
0.7,9.3618E-06,5.33679999999999E-05,1.445E-12,9.3597E-06,1,9.3618E-06,-9.3597E-06,1.445E-12
0.675,8.1118E-06,4.99999999999999E-05,1.795E-12,8.0905E-06,1,8.1118E-06,-8.0905E-06,1.795E-12
0.65,6.9721E-06,4.5588E-05,1.905E-12,6.9908E-06,1,6.9721E-06,-6.9908E-06,1.905E-12
0.625,5.8676E-06,4.418E-05,2.045E-12,5.8839E-06,1,5.8676E-06,-5.8839E-06,2.045E-12
0.6,4.9613E-06,3.6252E-05,2.255E-12,4.9666E-06,1,4.9613E-06,-4.9666E-06,2.255E-12
0.575,4.1953E-06,3.06400000000001E-05,1.645E-12,4.2268E-06,1,4.1953E-06,-4.2268E-06,1.645E-12
0.55,3.4883E-06,2.828E-05,1.675E-12,3.484E-06,1,3.4883E-06,-3.484E-06,1.675E-12
0.525,2.8681E-06,2.4808E-05,2.235E-12,2.888E-06,1,2.8681E-06,-2.888E-06,2.235E-12
0.5,2.3555E-06,2.0504E-05,1.965E-12,2.3483E-06,1,2.3555E-06,-2.3483E-06,1.965E-12
0.475,1.9E-06,1.822E-05,1.765E-12,1.9092E-06,1,1.9E-06,-1.9092E-06,1.765E-12
0.45,1.5106E-06,1.5576E-05,1.835E-12,1.5074E-06,1,1.5106E-06,-1.5074E-06,1.835E-12
0.425,1.19E-06,1.2824E-05,2.215E-12,1.1825E-06,1,1.19E-06,-1.1825E-06,2.215E-12
0.4,9.1416E-07,1.10336E-05,2.115E-12,9.0816E-07,1,9.1416E-07,-9.0816E-07,2.115E-12
0.375,6.9244E-07,8.86879999999999E-06,2.325E-12,6.8834E-07,1,6.9244E-07,-6.8834E-07,2.325E-12
0.35,5.0162E-07,7.63280000000001E-06,1.825E-12,5.0978E-07,1,5.0162E-07,-5.0978E-07,1.825E-12
0.325,3.6516E-07,5.4584E-06,1.685E-12,3.6808E-07,1,3.6516E-07,-3.6808E-07,1.685E-12
0.3,2.6238E-07,4.1112E-06,2.265E-12,2.6038E-07,1,2.6238E-07,-2.6038E-07,2.265E-12
0.275,1.7794E-07,3.3776E-06,1.975E-12,1.7952E-07,1,1.7794E-07,-1.7952E-07,1.975E-12
0.25,1.194E-07,2.3416E-06,2.365E-12,1.1948E-07,1,1.194E-07,-1.1948E-07,2.365E-12
0.225,7.57702E-08,1.745192E-06,1.955E-12,7.66094E-08,1,7.57702E-08,-7.66094E-08,1.955E-12
0.2,4.5917E-08,1.194128E-06,1.795E-12,4.60856E-08,1,4.5917E-08,-4.60856E-08,1.795E-12
0.175,2.71286E-08,7.51536E-07,2.045E-12,2.73978E-08,1,2.71286E-08,-2.73978E-08,2.045E-12
0.15,1.51794E-08,4.77967999999999E-07,1.935E-12,1.49934E-08,1,1.51794E-08,-1.49934E-08,1.935E-12
0.125,8.10347E-09,2.830372E-07,1.895E-12,7.99414E-09,1,8.10347E-09,-7.99414E-09,1.895E-12
0.1,4.15337E-09,1.58004E-07,2.035E-12,4.13524E-09,1,4.15337E-09,-4.13524E-09,2.035E-12
0.075,1.97577E-09,8.7104E-08,1.895E-12,1.96574E-09,1,1.97577E-09,-1.96574E-09,1.895E-12
0.05,9.61437E-10,4.057332E-08,2.065E-12,9.21136E-10,1,9.61437E-10,-9.21136E-10,2.065E-12
0.025,4.19737E-10,2.1668E-08,2.035E-12,4.34166E-10,1,4.19737E-10,-4.34166E-10,2.035E-12
0,1.76297E-10,9.7376E-09,1.845E-12,1.77886E-10,1,1.76297E-10,-1.77886E-10,1.845E-12
-0.025,7.0787E-11,4.2204E-09,1.795E-12,7.1946E-11,1,7.0787E-11,-7.1946E-11,1.795E-12
-0.05,2.9457E-11,1.6532E-09,1.775E-12,3.0096E-11,1,2.9457E-11,-3.0096E-11,1.775E-12
-0.075,1.2497E-11,6.784E-10,2.195E-12,1.4006E-11,1,1.2497E-11,-1.4006E-11,2.195E-12
-0.1,5.447E-12,2.82E-10,2.095E-12,6.676E-12,1,5.447E-12,-6.676E-12,2.095E-12
-0.125,1.827E-12,1.448E-10,1.865E-12,3.326E-12,1,1.827E-12,-3.326E-12,1.865E-12
-0.15,1.217E-12,2.44E-11,1.845E-12,2.586E-12,1,1.217E-12,-2.586E-12,1.845E-12
-0.175,2.67E-13,3.8E-11,2.185E-12,1.796E-12,1,2.67E-13,-1.796E-12,2.185E-12
-0.2,3.77E-13,-4.4E-12,1.785E-12,1.756E-12,1,3.77E-13,-1.756E-12,1.785E-12
-0.225,4.97E-13,-4.8E-12,2.115E-12,1.606E-12,1,4.97E-13,-1.606E-12,2.115E-12
-0.25,3.47E-13,6E-12,1.935E-12,1.736E-12,1,3.47E-13,-1.736E-12,1.935E-12
-0.275,6.3E-14,1.136E-11,2.135E-12,1.526E-12,1,-6.3E-14,-1.526E-12,2.135E-12
-0.3,2.17E-13,-6.16000000000001E-12,1.715E-12,1.316E-12,1,2.17E-13,-1.316E-12,1.715E-12
-0.325,1.13E-13,4.16E-12,2.145E-12,1.646E-12,1,-1.13E-13,-1.646E-12,2.145E-12
-0.35,2.87E-13,-6.95999999999999E-12,1.875E-12,1.506E-12,1,2.87E-13,-1.506E-12,1.875E-12
-0.375,4.87E-13,-8.00000000000001E-12,2.185E-12,1.366E-12,1,4.87E-13,-1.366E-12,2.185E-12
-0.4,5.37E-13,-2E-12,2.295E-12,1.326E-12,1,5.37E-13,-1.326E-12,2.295E-12
-0.425,4.7E-14,1.96E-11,1.965E-12,1.536E-12,1,4.7E-14,-1.536E-12,1.965E-12
-0.45,1.97E-13,-6.00000000000001E-12,1.905E-12,1.556E-12,1,1.97E-13,-1.556E-12,1.905E-12
-0.475,1.47E-13,2E-12,1.895E-12,1.426E-12,1,1.47E-13,-1.426E-12,1.895E-12
-0.5,4.57E-13,-1.24E-11,1.945E-12,1.636E-12,1,4.57E-13,-1.636E-12,1.945E-12
-0.525,1.77E-13,1.12E-11,1.775E-12,1.336E-12,1,1.77E-13,-1.336E-12,1.775E-12
-0.55,1.77E-13,0,1.865E-12,1.406E-12,1,1.77E-13,-1.406E-12,1.865E-12
-0.575,1.33E-13,1.76E-12,2.045E-12,1.396E-12,1,-1.33E-13,-1.396E-12,2.045E-12
-0.6,2.33E-13,-4.00000000000001E-12,1.945E-12,1.286E-12,1,-2.33E-13,-1.286E-12,1.945E-12
-0.625,1.47E-13,3.44E-12,2.105E-12,1.206E-12,1,1.47E-13,-1.206E-12,2.105E-12
-0.65,5.27E-13,-1.52E-11,2.095E-12,1.566E-12,1,5.27E-13,-1.566E-12,2.095E-12
-0.675,6.17E-13,-3.6E-12,1.895E-12,1.436E-12,1,6.17E-13,-1.436E-12,1.895E-12
-0.7,5.37E-13,3.2E-12,2.135E-12,1.616E-12,1,5.37E-13,-1.616E-12,2.135E-12
-0.725,3.77E-13,6.4E-12,1.885E-12,1.386E-12,1,3.77E-13,-1.386E-12,1.885E-12
-0.75,3.77E-13,0,2.215E-12,1.526E-12,1,3.77E-13,-1.526E-12,2.215E-12
-0.775,2.87E-13,3.6E-12,1.635E-12,1.656E-12,1,2.87E-13,-1.656E-12,1.635E-12
-0.8,1.97E-13,3.6E-12,1.905E-12,1.486E-12,1,1.97E-13,-1.486E-12,1.905E-12
-0.825,2.07E-13,-4E-13,1.835E-12,9.86E-13,1,2.07E-13,-9.86E-13,1.835E-12
-0.85,5.37E-13,-1.32E-11,2.285E-12,1.256E-12,1,5.37E-13,-1.256E-12,2.285E-12
-0.875,2.97E-13,9.60000000000003E-12,1.945E-12,1.336E-12,1,2.97E-13,-1.336E-12,1.945E-12
-0.9,2.7E-14,1.08E-11,2.005E-12,1.706E-12,1,2.7E-14,-1.706E-12,2.005E-12
-0.925,1.13E-13,-3.44E-12,1.985E-12,1.506E-12,1,-1.13E-13,-1.506E-12,1.985E-12
-0.95,1.57E-13,-1.76E-12,1.605E-12,1.556E-12,1,1.57E-13,-1.556E-12,1.605E-12
-0.975,4.47E-13,-1.16E-11,1.975E-12,1.156E-12,1,4.47E-13,-1.156E-12,1.975E-12
-1,4.17E-13,1.2E-12,2.135E-12,1.726E-12,1,4.17E-13,-1.726E-12,2.135E-12
